ID;NAME;PREFIXES AS URL;INDEGREE;TOTAL KNOWN PAGES;CRAWLED PAGES;STATUS;LAST MODIFICATION DATE
1;Portcros-Parcnational.fr;http://portcros-parcnational.fr http://www.portcros-parcnational.fr https://portcros-parcnational.fr https://www.portcros-parcnational.fr;0;791;127;IN;2021-10-21T08:14:15.536Z
2;Browsehappy.com;http://browsehappy.com http://www.browsehappy.com https://browsehappy.com https://www.browsehappy.com;1;1;0;DISCOVERED;2021-10-21T08:14:18.953Z
3;fr-fr.Facebook.com /pages;http://fr-fr.facebook.com/pages http://www.fr-fr.facebook.com/pages https://fr-fr.facebook.com/pages https://www.fr-fr.facebook.com/pages;1;1;0;DISCOVERED;2021-10-21T08:14:18.953Z
4;Twitter.com /PNPC83;http://twitter.com/PNPC83 http://www.twitter.com/PNPC83 https://twitter.com/PNPC83 https://www.twitter.com/PNPC83;1;1;0;DISCOVERED;2021-10-21T08:14:18.953Z
5;Alizee-Soft.com;http://alizee-soft.com http://www.alizee-soft.com https://alizee-soft.com https://www.alizee-soft.com;1;2;0;DISCOVERED;2021-10-21T08:14:18.953Z
6;Pyrenees-Parcnational.fr;http://pyrenees-parcnational.fr http://www.pyrenees-parcnational.fr https://pyrenees-parcnational.fr https://www.pyrenees-parcnational.fr;1;1;0;DISCOVERED;2021-10-21T08:14:18.953Z
7;Guadeloupe-Parcnational.fr;http://guadeloupe-parcnational.fr http://www.guadeloupe-parcnational.fr https://guadeloupe-parcnational.fr https://www.guadeloupe-parcnational.fr;1;1;0;DISCOVERED;2021-10-21T08:14:18.953Z
8;Calanques-Parcnational.fr;http://calanques-parcnational.fr http://www.calanques-parcnational.fr https://calanques-parcnational.fr https://www.calanques-parcnational.fr;1;1;0;DISCOVERED;2021-10-21T08:14:18.953Z
9;Ecrins-Parcnational.fr;http://ecrins-parcnational.fr http://www.ecrins-parcnational.fr https://ecrins-parcnational.fr https://www.ecrins-parcnational.fr;1;2;0;DISCOVERED;2021-10-21T08:14:18.953Z
10;Colleo.fr;http://colleo.fr http://www.colleo.fr https://colleo.fr https://www.colleo.fr;1;1;0;DISCOVERED;2021-10-21T08:14:18.953Z
11;Port-Cros-Parcnational.fr;http://port-cros-parcnational.fr http://www.port-cros-parcnational.fr https://port-cros-parcnational.fr https://www.port-cros-parcnational.fr;1;2;0;DISCOVERED;2021-10-21T08:14:18.953Z
12;Ajaris.com;http://ajaris.com http://www.ajaris.com https://ajaris.com https://www.ajaris.com;1;2;0;DISCOVERED;2021-10-21T08:14:18.953Z
13;Cevennes-Parcnational.fr;http://cevennes-parcnational.fr http://www.cevennes-parcnational.fr https://cevennes-parcnational.fr https://www.cevennes-parcnational.fr;1;1;0;DISCOVERED;2021-10-21T08:14:18.953Z
14;Espritparcnationalportcros.com;http://espritparcnationalportcros.com http://www.espritparcnationalportcros.com https://espritparcnationalportcros.com https://www.espritparcnationalportcros.com;1;1;0;DISCOVERED;2021-10-21T08:14:18.953Z
15;Pinterest.com /pnpc83;http://pinterest.com/pnpc83 http://www.pinterest.com/pnpc83 https://pinterest.com/pnpc83 https://www.pinterest.com/pnpc83;1;1;0;DISCOVERED;2021-10-21T08:14:18.953Z
16;Instagram.com;http://instagram.com http://www.instagram.com https://instagram.com https://www.instagram.com;1;5;0;DISCOVERED;2021-10-21T08:14:18.953Z
17;Forets-Parcnational.fr;http://forets-parcnational.fr http://www.forets-parcnational.fr https://forets-parcnational.fr https://www.forets-parcnational.fr;1;1;0;DISCOVERED;2021-10-21T08:14:18.953Z
18;Ofb.gouv.fr;http://ofb.gouv.fr http://www.ofb.gouv.fr https://ofb.gouv.fr https://www.ofb.gouv.fr;1;2;0;DISCOVERED;2021-10-21T08:14:18.953Z
19;Parcsnationaux.fr;http://parcsnationaux.fr http://www.parcsnationaux.fr https://parcsnationaux.fr https://www.parcsnationaux.fr;1;2;0;DISCOVERED;2021-10-21T08:14:18.953Z
20;Portcrosparcnational.fr;http://portcrosparcnational.fr http://www.portcrosparcnational.fr https://portcrosparcnational.fr https://www.portcrosparcnational.fr;1;3;0;DISCOVERED;2021-10-21T08:14:18.953Z
21;Mercantour.eu;http://mercantour.eu http://www.mercantour.eu https://mercantour.eu https://www.mercantour.eu;1;1;0;DISCOVERED;2021-10-21T08:14:18.953Z
22;Reunion-Parcnational.fr;http://reunion-parcnational.fr http://www.reunion-parcnational.fr https://reunion-parcnational.fr https://www.reunion-parcnational.fr;1;1;0;DISCOVERED;2021-10-21T08:14:18.953Z
23;Parc-Amazonien-Guyane.fr;http://parc-amazonien-guyane.fr http://www.parc-amazonien-guyane.fr https://parc-amazonien-guyane.fr https://www.parc-amazonien-guyane.fr;1;1;0;DISCOVERED;2021-10-21T08:14:18.953Z
24;Var.gouv.fr;http://var.gouv.fr http://www.var.gouv.fr https://var.gouv.fr https://www.var.gouv.fr;1;1;0;DISCOVERED;2021-10-21T08:14:18.953Z
25;Vanoise-Parcnational.fr;http://vanoise-parcnational.fr http://www.vanoise-parcnational.fr https://vanoise-parcnational.fr https://www.vanoise-parcnational.fr;1;1;0;DISCOVERED;2021-10-21T08:14:18.953Z
26;Addtoany.com;http://addtoany.com http://www.addtoany.com https://addtoany.com https://www.addtoany.com;1;108;0;DISCOVERED;2021-10-21T08:14:25.788Z
27;Youtube.com;http://www.youtube.com http://youtube.com https://www.youtube.com https://youtube.com;1;1;0;DISCOVERED;2021-10-21T08:14:29.338Z
28;Espritparcnational.com;http://espritparcnational.com http://www.espritparcnational.com https://espritparcnational.com https://www.espritparcnational.com;1;4;0;DISCOVERED;2021-10-21T08:14:29.338Z
29;Ac-Nice.fr;http://ac-nice.fr http://www.ac-nice.fr https://ac-nice.fr https://www.ac-nice.fr;1;1;0;DISCOVERED;2021-10-21T08:14:38.290Z
30;Premar-Mediterranee.gouv.fr;http://premar-mediterranee.gouv.fr http://www.premar-mediterranee.gouv.fr https://premar-mediterranee.gouv.fr https://www.premar-mediterranee.gouv.fr;1;2;0;DISCOVERED;2021-10-21T08:14:42.792Z
31;Hyeres-Tourisme.com;http://hyeres-tourisme.com http://www.hyeres-tourisme.com https://hyeres-tourisme.com https://www.hyeres-tourisme.com;1;5;0;DISCOVERED;2021-10-21T08:14:42.792Z
32;Festival-Galathea.com;http://festival-galathea.com http://www.festival-galathea.com https://festival-galathea.com https://www.festival-galathea.com;1;1;0;DISCOVERED;2021-10-21T08:14:46.937Z
33;Tlv-Tvm.com;http://tlv-tvm.com http://www.tlv-tvm.com https://tlv-tvm.com https://www.tlv-tvm.com;1;1;0;DISCOVERED;2021-10-21T08:15:01.092Z
34;Bateauxverts.com;http://bateauxverts.com http://www.bateauxverts.com https://bateauxverts.com https://www.bateauxverts.com;1;1;0;DISCOVERED;2021-10-21T08:15:01.092Z
35;Lesbateliersdelarade.com;http://lesbateliersdelarade.com http://www.lesbateliersdelarade.com https://lesbateliersdelarade.com https://www.lesbateliersdelarade.com;1;1;0;DISCOVERED;2021-10-21T08:15:01.092Z
36;Vedettesilesdor.fr;http://vedettesilesdor.fr http://www.vedettesilesdor.fr https://vedettesilesdor.fr https://www.vedettesilesdor.fr;1;1;0;DISCOVERED;2021-10-21T08:15:01.092Z
37;Bateliersdelacotedazur.com;http://bateliersdelacotedazur.com http://www.bateliersdelacotedazur.com https://bateliersdelacotedazur.com https://www.bateliersdelacotedazur.com;1;2;0;DISCOVERED;2021-10-21T08:15:01.092Z
38;Bateaux-Taxi.com;http://bateaux-taxi.com http://www.bateaux-taxi.com https://bateaux-taxi.com https://www.bateaux-taxi.com;1;1;0;DISCOVERED;2021-10-21T08:15:01.092Z
39;Latitudeverte.fr;http://latitudeverte.fr http://www.latitudeverte.fr https://latitudeverte.fr https://www.latitudeverte.fr;1;1;0;DISCOVERED;2021-10-21T08:15:01.092Z
40;Bateauxsaintraphael.com;http://bateauxsaintraphael.com http://www.bateauxsaintraphael.com https://bateauxsaintraphael.com https://www.bateauxsaintraphael.com;1;1;0;DISCOVERED;2021-10-21T08:15:01.092Z
41;Calameo.com;http://calameo.com http://www.calameo.com https://calameo.com https://www.calameo.com;1;25;0;DISCOVERED;2021-10-21T08:15:05.439Z
42;Reseaumistral.com;http://reseaumistral.com http://www.reseaumistral.com https://reseaumistral.com https://www.reseaumistral.com;1;1;0;DISCOVERED;2021-10-21T08:15:10.042Z
43;Goo.gl;http://goo.gl http://www.goo.gl https://goo.gl https://www.goo.gl;1;2;0;DISCOVERED;2021-10-21T08:15:10.042Z
44;Iucn.org;http://iucn.org http://www.iucn.org https://iucn.org https://www.iucn.org;1;1;0;DISCOVERED;2021-10-21T08:15:14.389Z
45;Medpan.org;http://medpan.org http://www.medpan.org https://medpan.org https://www.medpan.org;1;1;0;DISCOVERED;2021-10-21T08:15:14.390Z
48;Sauvage-Med.fr;http://sauvage-med.fr http://www.sauvage-med.fr https://sauvage-med.fr https://www.sauvage-med.fr;1;1;0;DISCOVERED;2021-10-21T08:15:29.044Z
49;Mersansplastique.fr;http://mersansplastique.fr http://www.mersansplastique.fr https://mersansplastique.fr https://www.mersansplastique.fr;1;1;0;DISCOVERED;2021-10-21T08:15:29.044Z
46;Facebook.com /mersansplastique;http://facebook.com/mersansplastique http://www.facebook.com/mersansplastique https://facebook.com/mersansplastique https://www.facebook.com/mersansplastique;1;2;0;DISCOVERED;2021-10-21T08:15:29.044Z
47;Palana-Environnement.org;http://palana-environnement.org http://www.palana-environnement.org https://palana-environnement.org https://www.palana-environnement.org;1;1;0;DISCOVERED;2021-10-21T08:15:29.044Z
50;Obi1-Portcros-Parcnational.fr;http://obi1-portcros-parcnational.fr http://www.obi1-portcros-parcnational.fr https://obi1-portcros-parcnational.fr https://www.obi1-portcros-parcnational.fr;1;1;0;DISCOVERED;2021-10-21T08:15:33.392Z
51;Sanctuaire-Pelagos.org;http://sanctuaire-pelagos.org http://www.sanctuaire-pelagos.org https://sanctuaire-pelagos.org https://www.sanctuaire-pelagos.org;1;2;0;DISCOVERED;2021-10-21T08:16:26.248Z
52;Anpcen.fr;http://anpcen.fr http://www.anpcen.fr https://anpcen.fr https://www.anpcen.fr;1;2;0;DISCOVERED;2021-10-21T08:16:33.147Z
53;Wixsite.com;http://wixsite.com http://www.wixsite.com https://wixsite.com https://www.wixsite.com;1;1;0;DISCOVERED;2021-10-21T08:16:33.147Z
54;Marches-Publics.gouv.fr;http://marches-publics.gouv.fr http://www.marches-publics.gouv.fr https://marches-publics.gouv.fr https://www.marches-publics.gouv.fr;1;9;0;DISCOVERED;2021-10-21T08:16:38.002Z
55;Espaces-Naturels.fr;http://espaces-naturels.fr http://www.espaces-naturels.fr https://espaces-naturels.fr https://www.espaces-naturels.fr;1;1;0;DISCOVERED;2021-10-21T08:16:38.002Z
56;Univ-Tln.fr;http://univ-tln.fr http://www.univ-tln.fr https://univ-tln.fr https://www.univ-tln.fr;1;1;0;DISCOVERED;2021-10-21T08:16:41.547Z
64;Villanoailles-Hyeres.com;http://villanoailles-hyeres.com http://www.villanoailles-hyeres.com https://villanoailles-hyeres.com https://www.villanoailles-hyeres.com;1;1;0;DISCOVERED;2021-10-21T08:16:45.359Z
57;Metropoletpm.fr;http://metropoletpm.fr http://www.metropoletpm.fr https://metropoletpm.fr https://www.metropoletpm.fr;1;2;0;DISCOVERED;2021-10-21T08:16:45.359Z
58;Echosciences-Paca.fr;http://echosciences-paca.fr http://www.echosciences-paca.fr https://echosciences-paca.fr https://www.echosciences-paca.fr;1;1;0;DISCOVERED;2021-10-21T08:16:45.359Z
59;Reseaumer.org;http://reseaumer.org http://www.reseaumer.org https://reseaumer.org https://www.reseaumer.org;1;1;0;DISCOVERED;2021-10-21T08:16:45.359Z
60;Cietm.fr;http://cietm.fr http://www.cietm.fr https://cietm.fr https://www.cietm.fr;1;1;0;DISCOVERED;2021-10-21T08:16:45.359Z
61;Reves83.fr;http://reves83.fr http://www.reves83.fr https://reves83.fr https://www.reves83.fr;1;1;0;DISCOVERED;2021-10-21T08:16:45.359Z
62;Var.fr;http://var.fr http://www.var.fr https://var.fr https://www.var.fr;1;4;0;DISCOVERED;2021-10-21T08:16:45.359Z
63;Education.gouv.fr;http://education.gouv.fr http://www.education.gouv.fr https://education.gouv.fr https://www.education.gouv.fr;1;1;0;DISCOVERED;2021-10-21T08:16:45.359Z
65;Ramatuelle-Tourisme.com;http://ramatuelle-tourisme.com http://www.ramatuelle-tourisme.com https://ramatuelle-tourisme.com https://www.ramatuelle-tourisme.com;1;2;0;DISCOVERED;2021-10-21T08:16:49.157Z
66;Lepradet-Tourisme.fr;http://lepradet-tourisme.fr http://www.lepradet-tourisme.fr https://lepradet-tourisme.fr https://www.lepradet-tourisme.fr;1;1;0;DISCOVERED;2021-10-21T08:16:49.157Z
67;Ville-Lagarde.fr;http://ville-lagarde.fr http://www.ville-lagarde.fr https://ville-lagarde.fr https://www.ville-lagarde.fr;1;1;0;DISCOVERED;2021-10-21T08:16:49.157Z
68;Cbnmed.fr;http://cbnmed.fr http://www.cbnmed.fr https://cbnmed.fr https://www.cbnmed.fr;1;1;0;DISCOVERED;2021-10-21T08:17:36.505Z
69;Risque-Prevention-Incendie.fr;http://risque-prevention-incendie.fr http://www.risque-prevention-incendie.fr https://risque-prevention-incendie.fr https://www.risque-prevention-incendie.fr;1;1;0;DISCOVERED;2021-10-21T08:18:07.054Z
70;Superdoc.com;http://superdoc.com http://www.superdoc.com https://superdoc.com https://www.superdoc.com;1;1;0;DISCOVERED;2021-10-21T08:18:30.959Z
71;Iucncongress2020.org;http://iucncongress2020.org http://www.iucncongress2020.org https://iucncongress2020.org https://www.iucncongress2020.org;1;1;0;DISCOVERED;2021-10-21T08:18:49.212Z
72;Parc-Pyrenees.com;http://parc-pyrenees.com http://www.parc-pyrenees.com https://parc-pyrenees.com https://www.parc-pyrenees.com;1;1;0;DISCOVERED;2021-10-21T08:19:02.660Z
73;Forets-Champagne-Bourgogne.fr;http://forets-champagne-bourgogne.fr http://www.forets-champagne-bourgogne.fr https://forets-champagne-bourgogne.fr https://www.forets-champagne-bourgogne.fr;1;1;0;DISCOVERED;2021-10-21T08:19:02.660Z
74;Ecologique-Solidaire.gouv.fr;http://ecologique-solidaire.gouv.fr http://www.ecologique-solidaire.gouv.fr https://ecologique-solidaire.gouv.fr https://www.ecologique-solidaire.gouv.fr;1;1;0;DISCOVERED;2021-10-21T08:19:13.315Z
75;Adeo-Web.fr;http://adeo-web.fr http://www.adeo-web.fr https://adeo-web.fr https://www.adeo-web.fr;1;1;0;DISCOVERED;2021-10-21T08:19:33.015Z
76;Facebook.com /espritparcnational;http://facebook.com/espritparcnational http://www.facebook.com/espritparcnational https://facebook.com/espritparcnational https://www.facebook.com/espritparcnational;1;1;0;DISCOVERED;2021-10-21T08:19:41.268Z
77;Provence-Alpes-Cotedazur.com;http://provence-alpes-cotedazur.com http://www.provence-alpes-cotedazur.com https://provence-alpes-cotedazur.com https://www.provence-alpes-cotedazur.com;1;1;0;DISCOVERED;2021-10-21T08:19:41.268Z
80;Protectedplanet.net;http://protectedplanet.net http://www.protectedplanet.net https://protectedplanet.net https://www.protectedplanet.net;1;1;0;DISCOVERED;2021-10-21T08:19:57.420Z
78;Initiative-Pim.org;http://initiative-pim.org http://www.initiative-pim.org https://initiative-pim.org https://www.initiative-pim.org;1;1;0;DISCOVERED;2021-10-21T08:19:57.420Z
79;Mnhn.fr;http://mnhn.fr http://www.mnhn.fr https://mnhn.fr https://www.mnhn.fr;1;2;0;DISCOVERED;2021-10-21T08:19:57.420Z
81;Silene.eu;http://silene.eu http://www.silene.eu https://silene.eu https://www.silene.eu;1;1;0;DISCOVERED;2021-10-21T08:20:01.767Z
82;s:http|h:mersansplastique|;http://mersansplastique http://www.mersansplastique https://mersansplastique https://www.mersansplastique;1;1;0;DISCOVERED;2021-10-21T08:20:11.120Z
83;Legifrance.gouv.fr;http://legifrance.gouv.fr http://www.legifrance.gouv.fr https://legifrance.gouv.fr https://www.legifrance.gouv.fr;1;2;0;DISCOVERED;2021-10-21T08:20:14.420Z
84;Visitvar.fr;http://visitvar.fr http://www.visitvar.fr https://visitvar.fr https://www.visitvar.fr;1;1;0;DISCOVERED;2021-10-21T08:20:14.420Z
85;Fol83Laligue.org;http://fol83laligue.org http://www.fol83laligue.org https://fol83laligue.org https://www.fol83laligue.org;1;1;0;DISCOVERED;2021-10-21T08:20:43.324Z
86;Igesa.fr;http://igesa.fr http://www.igesa.fr https://igesa.fr https://www.igesa.fr;1;1;0;DISCOVERED;2021-10-21T08:20:43.324Z
87;Domainedurayol.org;http://domainedurayol.org http://www.domainedurayol.org https://domainedurayol.org https://www.domainedurayol.org;1;2;0;DISCOVERED;2021-10-21T08:21:18.074Z
88;Actavista.fr;http://actavista.fr http://www.actavista.fr https://actavista.fr https://www.actavista.fr;1;1;0;DISCOVERED;2021-10-21T08:21:55.382Z
89;Association-Tremplin.org;http://association-tremplin.org http://www.association-tremplin.org https://association-tremplin.org https://www.association-tremplin.org;1;1;0;DISCOVERED;2021-10-21T08:21:55.382Z
90;Sauvegardedesforetsvaroises.com;http://sauvegardedesforetsvaroises.com http://www.sauvegardedesforetsvaroises.com https://sauvegardedesforetsvaroises.com https://www.sauvegardedesforetsvaroises.com;1;1;0;DISCOVERED;2021-10-21T08:21:55.382Z
